time,OCV,SOC,disCapacity
0.0,4.168195,1.0,2.56366
60.0,4.16533,0.9999648939406941,2.56366
120.00099999998929,4.16322,0.9989741229336184,2.56366
180.0,4.16137,0.9979872525997987,2.56366
239.99700000000303,4.15968,0.9969964815927228,2.56366
300.0009999999893,4.158165,0.996005710585647,2.56366
359.9989999999816,4.1569,0.9950188402518274,2.56366
420.0019999999786,4.155635,0.9940280692447516,2.56366
480.0019999999786,4.15454,0.9930372982376757,2.56366
539.9979999999923,4.15336,0.9920543285771123,2.56366
599.9989999999816,4.15235,0.9910635575700366,2.56366
659.997000000003,4.151425,0.9900727865629607,2.56366
719.9959999999846,4.150495,0.9890820155558849,2.56366
779.9989999999816,4.149570000000001,0.9880951452220653,2.56366
839.9979999999923,4.148805,0.9871043742149895,2.56366
899.997000000003,4.14797,0.9861175038811699,2.56366
959.9989999999816,4.147125,0.985126732874094,2.56366
1020.0009999999893,4.14645,0.9841359618670182,2.56366
1079.997000000003,4.145775,0.9831490915331986,2.56366
1139.993999999977,4.1451,0.9821622211993789,2.56366
1200.0039999999863,4.14451,0.9811714501923032,2.56366
1259.9979999999923,4.14384,0.9801806791852272,2.56366
1320.0,4.14325,0.9791938088514077,2.56366
1380.0009999999893,4.14266,0.9782030378443318,2.56366
1439.9979999999923,4.14215,0.9772122668372561,2.56366
1499.9979999999923,4.1416450000000005,0.9762214958301803,2.56366
1559.997000000003,4.14114,0.9752307248231045,2.56366
1619.997000000003,4.14055,0.9742399538160286,2.56366
1679.997000000003,4.140045000000001,0.973253083482209,2.56366
1740.0,4.1396250000000006,0.9722623124751332,2.56366
1799.9979999999923,4.1392050000000005,0.9712754421413136,2.56366
1860.0,4.138780000000001,0.9702846711342378,2.56366
1920.0009999999893,4.138445,0.9692939001271619,2.56366
1980.0009999999893,4.13794,0.9683070297933423,2.56366
2040.0039999999863,4.1376,0.9673162587862665,2.56366
2099.997000000003,4.137265,0.9663293884524469,2.56366
2160.0019999999786,4.136845,0.9653386174453711,2.56366
2220.0009999999893,4.136505,0.9643478464382952,2.56366
2280.0019999999786,4.13617,0.9633609761044757,2.56366
2339.9959999999846,4.135915000000001,0.9623741057706561,2.56366
2400.0,4.135495000000001,0.9613833347635801,2.56366
2459.997000000003,4.13524,0.9603964644297606,2.56366
2520.0,4.134905,0.959409594095941,2.56366
2580.0009999999893,4.134650000000001,0.9584227237621212,2.56366
2639.9989999999816,4.134315,0.9574319527550456,2.56366
2700.0009999999893,4.13414,0.9564411817479697,2.56366
2759.9979999999923,4.13381,0.9554504107408939,2.56366
2820.0009999999893,4.13347,0.954459639733818,2.56366
2879.997000000003,4.132715,0.9534688687267423,2.56366
2939.997000000003,4.13153,0.9524819983929226,2.56366
2999.997000000003,4.130095000000001,0.951495128059103,2.56366
3060.0009999999893,4.12892,0.9505043570520272,2.56366
3120.0009999999893,4.128325,0.9495135860449513,2.56366
3179.9989999999816,4.12774,0.9485267157111318,2.56366
3239.9979999999923,4.127065,0.9475359447040559,2.56366
3299.9989999999816,4.126135,0.9465490743702363,2.56366
3359.9959999999846,4.124874999999999,0.9455583033631605,2.56366
3419.9959999999846,4.123525000000001,0.9445675323560846,2.56366
3479.9959999999846,4.122935,0.9435806620222651,2.56366
3540.0009999999893,4.12243,0.9425898910151892,2.56366
3600.0009999999893,4.121925,0.9416030206813695,2.56366
3659.9989999999816,4.12125,0.9406122496742938,2.56366
3719.9979999999923,4.12024,0.9396214786672179,2.56366
3779.9979999999923,4.119059999999999,0.9386307076601421,2.56366
3840.0009999999893,4.11813,0.9376438373263225,2.56366
3899.997000000003,4.117875,0.9366530663192467,2.56366
3960.0009999999893,4.117375,0.9356661959854271,2.56366
4020.0,4.11678,0.9346754249783512,2.56366
4079.9979999999923,4.116105,0.9336885546445317,2.56366
4139.998999999982,4.1151,0.932701684310712,2.56366
4199.997999999992,4.114,0.9317109133036363,2.56366
4259.998999999982,4.11358,0.9307201422965604,2.56366
4319.997000000003,4.113239999999999,0.9297332719627407,2.56366
4380.000999999989,4.112905,0.9287386002824087,2.56366
4439.997999999992,4.112315000000001,0.927751729948589,2.56366
4499.998999999982,4.11164,0.9267609589415133,2.56366
4560.001999999979,4.110715,0.9257740886076936,2.56366
4619.997000000003,4.109955,0.9247833176006179,2.56366
4680.0,4.109705,0.9237964472667982,2.56366
4740.000999999989,4.109365,0.9228056762597223,2.56366
4799.997999999992,4.10886,0.9218188059259028,2.56366
4859.997000000003,4.10835,0.9208280349188269,2.56366
4919.995999999985,4.107514999999999,0.9198411645850073,2.56366
4979.995999999985,4.106669999999999,0.9188503935779315,2.56366
5040.0,4.1062449999999995,0.9178596225708556,2.56366
5100.0,4.106075,0.9168727522370361,2.56366
5159.997000000003,4.1056550000000005,0.9158819812299602,2.56366
5219.995999999985,4.10532,0.9148951108961406,2.56366
5280.001999999979,4.104645,0.9139043398890648,2.56366
5340.0,4.103885,0.9129135688819889,2.56366
5399.998999999982,4.103210000000001,0.9119266985481694,2.56366
5459.998999999982,4.10304,0.9109359275410935,2.56366
5519.997999999992,4.10271,0.909949057207274,2.56366
5580.000999999989,4.102455,0.9089582862001981,2.56366
5639.997999999992,4.101945000000001,0.9079714158663784,2.56366
5699.995999999985,4.101355,0.9069806448593027,2.56366
5760.0,4.100515,0.905993774525483,2.56366
5819.997999999992,4.100095,0.9050030035184073,2.56366
5879.998999999982,4.099925000000001,0.9040161331845876,2.56366
5939.997999999992,4.099755,0.9030253621775117,2.56366
5999.997999999992,4.099335,0.9020384918436922,2.56366
6059.997999999992,4.098745,0.9010477208366163,2.56366
6119.995999999985,4.09807,0.9000569498295407,2.56366
6179.995999999985,4.097395,0.8990700794957209,2.56366
6240.001999999979,4.09731,0.898079308488645,2.56366
6300.005000000005,4.09714,0.8970885374815694,2.56366
6359.995999999985,4.09681,0.8960977664744935,2.56366
6420.000999999989,4.096385,0.895110896140674,2.56366
6480.001999999979,4.09571,0.8941201251335981,2.56366
6539.998999999982,4.095034999999999,0.8931332547997783,2.56366
6599.997000000003,4.09487,0.8921463844659588,2.56366
6659.997999999992,4.0947,0.8911595141321391,2.56366
6719.997999999992,4.09436,0.8901687431250634,2.56366
6779.995999999985,4.09411,0.8891779721179875,2.56366
6839.997999999992,4.09352,0.8881872011109118,2.56366
6900.000999999989,4.09276,0.8871964301038359,2.56366
6960.0,4.092425,0.8862095597700163,2.56366
7019.997999999992,4.09234,0.8852187887629405,2.56366
7080.001999999979,4.09209,0.8842280177558646,2.56366
7139.995999999985,4.091835,0.8832372467487889,2.56366
7199.997000000003,4.091329999999999,0.8822542770882255,2.56366
7260.000999999989,4.09057,0.8812596054078935,2.56366
7320.001999999979,4.0901499999999995,0.8802727350740738,2.56366
7380.000999999989,4.090065,0.8792819640669979,2.56366
7439.995999999985,4.089895,0.8782950937331784,2.56366
7499.997000000003,4.08964,0.8773043227261025,2.56366
7560.000999999989,4.089055,0.8763135517190268,2.56366
7619.997000000003,4.0882950000000005,0.8753266813852071,2.56366
7679.997000000003,4.0880399999999995,0.8743359103781312,2.56366
7739.998999999982,4.087955,0.8733490400443117,2.56366
7799.997999999992,4.08779,0.8723582690372358,2.56366
7860.001999999979,4.0874500000000005,0.8713713987034163,2.56366
7920.0,4.086945,0.8703806276963404,2.56366
7980.000999999989,4.08619,0.8693898566892645,2.56366
8040.001999999979,4.0860199999999995,0.868402986355445,2.56366
8100.0,4.085765,0.8674122153483691,2.56366
8159.995999999985,4.08551,0.8664253450145496,2.56366
8219.997000000003,4.08526,0.8654345740074737,2.56366
8279.998999999982,4.08467,0.8644438030003979,2.56366
8339.997999999992,4.083995,0.8634569326665783,2.56366
8400.00099999999,4.083745,0.8624700623327586,2.56366
8460.00099999999,4.08349,0.8614792913256829,2.56366
8519.997999999992,4.0833200000000005,0.8604924209918632,2.56366
8580.00099999999,4.082905,0.8595016499847873,2.56366
8640.001999999979,4.08248,0.8585147796509678,2.56366
8699.994999999995,4.081805,0.8575279093171481,2.56366
8760.0,4.081300000000001,0.8565410389833285,2.56366
8819.995999999985,4.081045,0.8555502679762527,2.56366
8880.001999999979,4.080875000000001,0.854563397642433,2.56366
8940.0,4.080539999999999,0.8535765273086133,2.56366
8999.997999999992,4.08012,0.8525857563015377,2.56366
9060.00099999999,4.079525,0.8515949852944618,2.56366
9120.00099999999,4.078939999999999,0.8506081149606423,2.56366
9180.00099999999,4.0786,0.8496212446268225,2.56366
9240.001999999979,4.07835,0.8486304736197469,2.56366
9299.997000000003,4.078095,0.8476436032859271,2.56366
9359.997000000003,4.07776,0.8466567329521075,2.56366
9419.997999999992,4.077254999999999,0.8456659619450317,2.56366
9480.0,4.07658,0.8446751909379558,2.56366
9539.995999999985,4.07599,0.8436922212773924,2.56366
9600.0,4.075735,0.8427014502703167,2.56366
9659.997000000003,4.075480000000001,0.841714579936497,2.56366
9719.997999999992,4.075145,0.8407277096026773,2.56366
9779.997999999992,4.0746400000000005,0.8397408392688578,2.56366
9839.995999999985,4.07405,0.8387500682617819,2.56366
9900.005000000005,4.07329,0.8377592972547062,2.56366
9960.0,4.072955,0.8367685262476303,2.56366
10020.00099999999,4.0727,0.8357777552405545,2.56366
10080.0,4.07245,0.8347908849067349,2.56366
10139.998999999982,4.0719449999999995,0.8338040145729152,2.56366
10199.997999999992,4.0713550000000005,0.8328132435658395,2.56366
10260.0,4.0705100000000005,0.8318263732320198,2.56366
10319.998999999982,4.070005,0.8308356022249441,2.56366
10380.0,4.06975,0.8298448312178682,2.56366
10439.995999999985,4.069414999999999,0.8288540602107923,2.56366
10499.998999999982,4.068994999999999,0.8278671898769728,2.56366
10559.997000000003,4.06832,0.8268764188698969,2.56366
10619.997999999992,4.067475,0.8258856478628211,2.56366
10680.0,4.067055,0.8248987775290014,2.56366
10739.995999999985,4.066635,0.8239080065219258,2.56366
10800.0,4.06621,0.822921136188106,2.56366
10860.00099999999,4.065625,0.8219303651810301,2.56366
10919.995999999985,4.064864999999999,0.8209434948472106,2.56366
10979.997000000003,4.06402,0.8199527238401347,2.56366
11040.001999999979,4.0636,0.8189658535063151,2.56366
11100.001999999979,4.06318,0.8179750824992393,2.56366
11159.997999999992,4.06259,0.8169804108189074,2.56366
11220.0,4.061995,0.8159896398118315,2.56366
11279.997000000003,4.06124,0.8150027694780119,2.56366
11340.001999999979,4.0604,0.8140158991441924,2.56366
11400.00099999999,4.05989,0.8130251281371165,2.56366
11459.997999999992,4.059385,0.8120382578032967,2.56366
11519.998999999982,4.058795,0.8110474867962211,2.56366
11580.00099999999,4.058205,0.8100567157891452,2.56366
11639.997000000003,4.057365,0.8090698454553257,2.56366
11699.998999999982,4.0564350000000005,0.8080790744482497,2.56366
11759.995999999985,4.05551,0.807088303441174,2.56366
11820.001999999979,4.05509,0.8061014331073543,2.56366
11879.998999999982,4.0545,0.8051106621002784,2.56366
11940.0,4.053905,0.8041237917664589,2.56366
11999.997999999992,4.0531500000000005,0.8031369214326393,2.56366
12060.00099999999,4.052225,0.8021461504255635,2.56366
12119.997000000003,4.051295,0.801163180765,2.56366
12179.997000000003,4.05062,0.8001763104311804,2.56366
12240.00099999999,4.04995,0.7991855394241046,2.56366
12299.998999999982,4.04919,0.7981947684170287,2.56366
12359.997999999992,4.04843,0.7972078980832091,2.56366
12419.998999999982,4.047505,0.7962171270761333,2.56366
12480.001999999979,4.04666,0.7952263560690574,2.56366
12539.998999999982,4.045904999999999,0.7942355850619818,2.56366
12600.0,4.04514,0.793248714728162,2.56366
12659.997999999992,4.044385,0.7922579437210864,2.56366
12720.0,4.043545,0.7912671727140105,2.56366
12779.997999999992,4.042615,0.7902803023801908,2.56366
12840.0,4.041685,0.789289531373115,2.56366
12899.997999999992,4.0409299999999995,0.7882987603660391,2.56366
12959.997000000003,4.0400849999999995,0.7873118900322196,2.56366
13020.003999999986,4.039245,0.7863211190251437,2.56366
13079.997000000003,4.038315,0.7853342486913241,2.56366
13140.003999999986,4.037475,0.7843434776842483,2.56366
13199.997000000003,4.03646,0.7833605080236848,2.56366
13260.001999999979,4.035534999999999,0.782369737016609,2.56366
13319.997999999992,4.034605,0.7813789660095333,2.56366
13379.998999999982,4.03368,0.7803920956757135,2.56366
13439.997999999992,4.032755,0.7794013246686378,2.56366
13499.997999999992,4.031995,0.778410553661562,2.56366
13559.997000000003,4.031405,0.7774197826544861,2.56366
13620.001999999979,4.0303949999999995,0.7764290116474103,2.56366
13679.998999999982,4.029215000000001,0.7754382406403345,2.56366
13739.997000000003,4.0282,0.7744513703065149,2.56366
13799.997999999992,4.02719,0.7734644999726953,2.56366
13859.998999999982,4.026175,0.7724737289656194,2.56366
13920.001999999979,4.025675,0.7714829579585436,2.56366
13980.0,4.024915,0.7704921869514678,2.56366
14039.995999999985,4.023905,0.7695053166176482,2.56366
14099.995999999985,4.02281,0.7685184462838286,2.56366
14159.998999999982,4.0218,0.7675276752767528,2.56366
14219.995999999985,4.0207,0.7665408049429331,2.56366
14279.998999999982,4.019945,0.7655539346091136,2.56366
14340.001999999979,4.0191,0.7645631636020377,2.56366
14400.00099999999,4.018175,0.7635723925949619,2.56366
14459.997000000003,4.01733,0.7625855222611422,2.56366
14519.998999999982,4.016405,0.7615947512540664,2.56366
14579.995999999985,4.01539,0.7606078809202468,2.56366
14639.998999999982,4.014125,0.759617109913171,2.56366
14700.00099999999,4.0132,0.7586263389060952,2.56366
14760.00099999999,4.012525,0.7576394685722755,2.56366
14820.001999999979,4.011685,0.7566486975651997,2.56366
14880.00099999999,4.01084,0.7556618272313801,2.56366
14940.00099999999,4.009575,0.7546710562243043,2.56366
14999.997999999992,4.00831,0.7536802852172285,2.56366
15060.00099999999,4.007555,0.7526934148834089,2.56366
15119.997000000003,4.00688,0.7517026438763331,2.56366
15180.00099999999,4.005955,0.7507157735425134,2.56366
15240.0,4.004855,0.7497250025354376,2.56366
15300.0,4.00376,0.7487342315283618,2.56366
15359.997000000003,4.002585,0.7477473611945422,2.56366
15419.997000000003,4.00182,0.7467604908607225,2.56366
15479.997000000003,4.00098,0.7457697198536467,2.56366
15539.997999999992,3.9999650000000004,0.7447789488465709,2.56366
15600.0,3.9991250000000003,0.743788177839495,2.56366
15660.0,3.9981150000000003,0.7428013075056755,2.56366
15720.00099999999,3.9969349999999997,0.7418105364985996,2.56366
15780.0,3.9958400000000003,0.7408197654915238,2.56366
15839.995999999985,3.99508,0.7398328951577042,2.56366
15899.998999999982,3.99432,0.7388421241506283,2.56366
15959.994999999995,3.99348,0.7378513531435525,2.56366
16020.00099999999,3.9922150000000003,0.7368605821364768,2.56366
16080.0,3.9909499999999998,0.7358737118026571,2.56366
16139.997000000003,3.990025,0.7348868414688374,2.56366
16200.001999999979,3.98926,0.7338960704617616,2.56366
16259.995999999985,3.988505,0.7329131008011983,2.56366
16319.998999999982,3.98741,0.7319223297941225,2.56366
16380.00099999999,3.9863150000000003,0.7309354594603028,2.56366
16439.99899999998,3.98522,0.7299485891264832,2.56366
16500.005000000005,3.98438,0.7289578181194074,2.56366
16560.00099999999,3.98353,0.7279709477855878,2.56366
16619.997000000003,3.9826099999999998,0.726980176778512,2.56366
16679.997000000003,3.98168,0.7259894057714361,2.56366
16739.99899999998,3.980665,0.7250025354376165,2.56366
16799.997999999992,3.979655,0.7240117644305407,2.56366
16860.00199999998,3.9785649999999997,0.7230209934234649,2.56366
16919.995999999985,3.97755,0.722030222416389,2.56366
16979.99899999998,3.9767099999999997,0.7210394514093132,2.56366
17040.00099999999,3.9758649999999998,0.7200525810754936,2.56366
17099.99899999998,3.9750199999999998,0.7190618100684177,2.56366
17159.997000000003,3.97401,0.7180671383880858,2.56366
17220.0,3.9729150000000004,0.71707636738101,2.56366
17280.0,3.971735,0.7160894970471903,2.56366
17339.995999999985,3.97089,0.7151026267133708,2.56366
17400.0,3.97005,0.7141118557062949,2.56366
17460.00099999999,3.96929,0.7131249853724753,2.56366
17519.997000000003,3.968535,0.7121342143653994,2.56366
17579.997000000003,3.967355,0.7111434433583236,2.56366
17640.00199999998,3.966005,0.710156573024504,2.56366
17699.997000000003,3.9649099999999997,0.7091658020174282,2.56366
17760.00099999999,3.9642349999999995,0.7081750310103524,2.56366
17819.997000000003,3.9636449999999996,0.7071881606765328,2.56366
17879.99899999998,3.962885,0.7061934889962007,2.56366
17939.997999999992,3.9617050000000003,0.7052027179891249,2.56366
18000.00099999999,3.96044,0.7042158476553053,2.56366
18060.0,3.959345,0.7032250766482294,2.56366
18120.00099999999,3.9586699999999997,0.7022382063144098,2.56366
18180.00099999999,3.95808,0.701247435307334,2.56366
18239.995999999985,3.956985,0.7002605649735144,2.56366
18299.997999999992,3.95589,0.6992658932931825,2.56366
18359.997000000003,3.95488,0.6982751222861066,2.56366
18420.0,3.95395,0.6972882519522869,2.56366
18479.995999999985,3.95336,0.6963013816184673,2.56366
18540.0,3.952435,0.6953106106113915,2.56366
18599.997000000003,3.951425,0.6943237402775719,2.56366
18660.00199999998,3.95041,0.6933329692704961,2.56366
18719.995999999985,3.949395,0.6923421982634202,2.56366
18780.00099999999,3.94864,0.6913553279296006,2.56366
18839.997000000003,3.9479699999999998,0.6903645569225249,2.56366
18899.995999999985,3.946955,0.689373785915449,2.56366
18959.99899999998,3.9461150000000003,0.6883869155816295,2.56366
19020.0,3.945185,0.6873961445745536,2.56366
19080.00099999999,3.94426,0.6864014728942216,2.56366
19140.002999999997,3.94325,0.6854146025604019,2.56366
19199.997000000003,3.942235,0.6844238315533261,2.56366
19259.997999999992,3.941395,0.6834330605462502,2.56366
19320.00099999999,3.940715,0.6824461902124307,2.56366
19379.997999999992,3.93996,0.6814554192053548,2.56366
19440.0,3.939205,0.6804685488715353,2.56366
19500.005000000005,3.9381899999999996,0.6794777778644594,2.56366
19559.99899999998,3.936925,0.6784909075306398,2.56366
19619.997000000003,3.936,0.6775040371968202,2.56366
19679.99899999998,3.9353249999999997,0.6765132661897444,2.56366
19740.00199999998,3.93465,0.6755224951826685,2.56366
19800.00199999998,3.93389,0.6745317241755927,2.56366
19860.00199999998,3.932965,0.6735448538417731,2.56366
19919.997000000003,3.9317,0.6725540828346972,2.56366
19979.995999999985,3.93086,0.6715711131741339,2.56366
20040.00099999999,3.9301000000000004,0.670580342167058,2.56366
20099.995999999985,3.929425,0.6695895711599822,2.56366
20160.00099999999,3.928665,0.6685988001529063,2.56366
20220.00099999999,3.9275700000000002,0.6676119298190868,2.56366
20279.997000000003,3.9265600000000003,0.6666211588120109,2.56366
20340.00199999998,3.925805,0.6656342884781914,2.56366
20399.997999999992,3.925125,0.6646474181443717,2.56366
20459.99899999998,3.924455,0.6636566471372959,2.56366
20519.99899999998,3.92361,0.6626697768034763,2.56366
20580.0,3.9224300000000003,0.6616829064696567,2.56366
20640.002999999997,3.92142,0.6606921354625808,2.56366
20699.997000000003,3.9207400000000003,0.6597052651287612,2.56366
20760.00099999999,3.92007,0.6587144941216854,2.56366
20820.00199999998,3.919315,0.6577276237878658,2.56366
20879.997999999992,3.91838,0.6567407534540461,2.56366
20940.00099999999,3.9172849999999997,0.6557499824469704,2.56366
21000.00099999999,3.916445,0.6547631121131507,2.56366
21059.997000000003,3.91577,0.653772341106075,2.56366
21120.0,3.9151,0.6527815700989991,2.56366
21180.0,3.91425,0.6517946997651795,2.56366
21239.997000000003,3.91341,0.6508039287581036,2.56366
21299.997999999992,3.91257,0.649817058424284,2.56366
21360.00199999998,3.9118950000000003,0.6488262874172082,2.56366
21420.0,3.91114,0.6478355164101324,2.56366
21479.997000000003,3.91029,0.6468447454030566,2.56366
21539.995999999985,3.9094499999999996,0.6458578750692369,2.56366
21600.0,3.9084399999999997,0.6448710047354174,2.56366
21659.99899999998,3.907765,0.6438802337283415,2.56366
21719.997000000003,3.907005,0.6428894627212657,2.56366
21780.0,3.90633,0.6419025923874461,2.56366
21840.00099999999,3.90549,0.6409157220536265,2.56366
21899.99899999998,3.904645,0.6399288517198068,2.56366
21959.997000000003,3.903805,0.6389380807127311,2.56366
22019.995999999985,3.90296,0.6379512103789114,2.56366
22079.995999999985,3.90212,0.6369604393718356,2.56366
22139.997999999992,3.901445,0.6359735690380159,2.56366
22200.00199999998,3.90077,0.6349827980309402,2.56366
22260.0,3.90001,0.6339959276971205,2.56366
22319.99899999998,3.899165,0.6330051566900448,2.56366
22380.005999999994,3.8980699999999997,0.632018286356225,2.56366
22440.0,3.89731,0.6310275153491492,2.56366
22499.99899999998,3.896725,0.6300367443420735,2.56366
22560.00099999999,3.89605,0.6290459733349976,2.56366
22619.997999999992,3.895375,0.6280591030011781,2.56366
22679.997999999992,3.8946199999999997,0.6270683319941022,2.56366
22740.00099999999,3.893605,0.6260775609870264,2.56366
22800.0,3.892765,0.6250867899799506,2.56366
22860.00199999998,3.89209,0.6240999196461309,2.56366
22919.997999999992,3.8914999999999997,0.6231091486390551,2.56366
22980.00199999998,3.89091,0.6221222783052355,2.56366
23039.997999999992,3.89015,0.6211315072981597,2.56366
23099.99899999998,3.8892249999999997,0.6201407362910839,2.56366
23159.995999999985,3.88821,0.619149965284008,2.56366
23219.995999999985,3.88754,0.6181591942769322,2.56366
23279.99899999998,3.88703,0.6171684232698563,2.56366
23339.99899999998,3.8864400000000003,0.6161776522627805,2.56366
23399.997999999992,3.88577,0.6151907819289609,2.56366
23459.995999999985,3.88467,0.6142000109218851,2.56366
23519.997999999992,3.883575,0.6132131405880655,2.56366
23580.00099999999,3.8829849999999997,0.6122223695809897,2.56366
23640.00099999999,3.88248,0.61123549924717,2.56366
23700.0,3.88206,0.6102447282400942,2.56366
23759.997999999992,3.881385,0.6092578579062746,2.56366
23819.99899999998,3.880455,0.6082670868991988,2.56366
23880.00099999999,3.8791900000000004,0.6072763158921229,2.56366
23939.994999999995,3.8786050000000003,0.6062855448850472,2.56366
24000.0,3.878015,0.6052986745512275,2.56366
24060.0,3.877505,0.6043079035441516,2.56366
24120.0,3.87692,0.6033210332103321,2.56366
24180.00199999998,3.875995,0.6023302622032563,2.56366
24239.995999999985,3.8749000000000002,0.6013394911961805,2.56366
24299.997999999992,3.874305,0.6003487201891047,2.56366
24359.99899999998,3.873715,0.599361849855285,2.56366
24419.997999999992,3.8731299999999997,0.5983710788482092,2.56366
24480.00199999998,3.8724499999999997,0.5973842085143896,2.56366
24539.99899999998,3.871695,0.59639733818057,2.56366
24599.997999999992,3.87068,0.5954065671734942,2.56366
24659.997000000003,3.8697549999999996,0.5944157961664183,2.56366
24720.00199999998,3.8691649999999997,0.5934250251593425,2.56366
24779.997000000003,3.868575,0.5924342541522667,2.56366
24839.99899999998,3.8680700000000003,0.5914473838184471,2.56366
24899.997000000003,3.867565,0.5904566128113712,2.56366
24959.997000000003,3.86655,0.5894658418042954,2.56366
25020.00199999998,3.865455,0.5884789714704758,2.56366
25079.99899999998,3.864695,0.5874921011366562,2.56366
25140.00099999999,3.86411,0.5865013301295804,2.56366
25199.997999999992,3.8636850000000003,0.5855105591225045,2.56366
25259.997999999992,3.8631,0.584523688788685,2.56366
25320.0,3.862165,0.5835329177816091,2.56366
25380.00199999998,3.860985,0.5825421467745333,2.56366
25439.995999999985,3.86006,0.5815552764407136,2.56366
25499.997000000003,3.85947,0.5805645054336378,2.56366
25560.0,3.859055,0.5795776350998182,2.56366
25620.00099999999,3.85846,0.5785868640927424,2.56366
25679.997999999992,3.857785,0.5775999937589228,2.56366
25739.997999999992,3.8566900000000004,0.5766092227518469,2.56366
25799.99899999998,3.855765,0.5756184517447711,2.56366
25859.997999999992,3.8550899999999997,0.5746315814109515,2.56366
25920.00199999998,3.8545,0.5736408104038757,2.56366
25979.997999999992,3.853825,0.5726500393967999,2.56366
26039.997999999992,3.8530699999999998,0.5716631690629802,2.56366
26100.00099999999,3.85214,0.5706762987291606,2.56366
26160.00199999998,3.85138,0.5696855277220848,2.56366
26220.00099999999,3.850705,0.5686986573882652,2.56366
26279.997999999992,3.850035,0.5677078863811894,2.56366
26340.00099999999,3.849275,0.5667171153741136,2.56366
26399.99899999998,3.848515,0.5657302450402939,2.56366
26459.997000000003,3.84742,0.5647433747064743,2.56366
26520.00199999998,3.84666,0.5637565043726547,2.56366
26580.0,3.84607,0.5627696340388351,2.56366
26639.997999999992,3.845485,0.5617827637050155,2.56366
26699.997999999992,3.844805,0.5607919926979397,2.56366
26759.995999999985,3.843795,0.5598051223641201,2.56366
26820.0,3.842785,0.5588143513570442,2.56366
26879.995999999985,3.8420300000000003,0.5578274810232247,2.56366
26939.995999999985,3.8414349999999997,0.556840610689405,2.56366
26999.997999999992,3.840765,0.5558498396823291,2.56366
27060.00199999998,3.84,0.5548590686752533,2.56366
27119.997000000003,3.838825,0.5538682976681775,2.56366
27180.00199999998,3.83781,0.5528814273343579,2.56366
27239.995999999985,3.8370550000000003,0.5518906563272821,2.56366
27299.997000000003,3.836465,0.5509037859934625,2.56366
27360.00199999998,3.835705,0.5499130149863867,2.56366
27420.00199999998,3.8348649999999997,0.5489222439793108,2.56366
27480.00099999999,3.8339350000000003,0.547931472972235,2.56366
27539.995999999985,3.833005,0.5469407019651591,2.56366
27600.0,3.832165,0.5459538316313396,2.56366
27659.99899999998,3.831405,0.5449630606242637,2.56366
27719.995999999985,3.830565,0.5439761902904442,2.56366
27780.00099999999,3.82972,0.5429854192833683,2.56366
27840.0,3.828875,0.5419946482762924,2.56366
27899.997999999992,3.828035,0.5410116786157291,2.56366
27960.0,3.827105,0.5400248082819094,2.56366
28019.995999999985,3.8263499999999997,0.5390340372748336,2.56366
28080.00099999999,3.82551,0.538047166941014,2.56366
28139.997000000003,3.8244949999999998,0.5370563959339382,2.56366
28199.997999999992,3.8236549999999996,0.5360656249268624,2.56366
28259.997999999992,3.82273,0.5350787545930428,2.56366
28320.00099999999,3.8217999999999996,0.534087983585967,2.56366
28379.997999999992,3.820955,0.5330972125788911,2.56366
28440.0,3.82003,0.5321064415718153,2.56366
28500.003999999986,3.819105,0.5311156705647394,2.56366
28560.00199999998,3.818175,0.5301288002309198,2.56366
28620.0,3.817165,0.529138029223844,2.56366
28680.00199999998,3.81632,0.5281511588900244,2.56366
28739.99899999998,3.81548,0.5271564872096924,2.56366
28800.00199999998,3.81472,0.5261696168758727,2.56366
28859.997999999992,3.813795,0.5251788458687969,2.56366
28919.997999999992,3.8126949999999997,0.5241880748617211,2.56366
28979.997999999992,3.8116,0.5232012045279015,2.56366
29039.997999999992,3.81084,0.5222143341940819,2.56366
29099.997000000003,3.809915,0.5212235631870061,2.56366
29159.99899999998,3.8092449999999998,0.5202366928531864,2.56366
29219.997999999992,3.8083150000000003,0.5192459218461106,2.56366
29279.997999999992,3.80739,0.5182551508390348,2.56366
29339.997999999992,3.8060400000000003,0.5172643798319589,2.56366
29399.997000000003,3.80511,0.5162736088248832,2.56366
29460.0,3.80435,0.5152867384910635,2.56366
29520.00199999998,3.803595,0.5142959674839878,2.56366
29580.00099999999,3.802835,0.513305196476912,2.56366
29639.995999999985,3.802075,0.5123183261430923,2.56366
29699.995999999985,3.800725,0.5113314558092726,2.56366
29760.0,3.79955,0.5103406848021969,2.56366
29820.00099999999,3.798705,0.5093499137951211,2.56366
29880.00099999999,3.798035,0.5083669441345576,2.56366
29939.997999999992,3.797355,0.5073761731274818,2.56366
29999.997999999992,3.7965999999999998,0.5063893027936622,2.56366
30060.0,3.79542,0.5053985317865864,2.56366
30120.00199999998,3.79407,0.5044077607795104,2.56366
30180.00199999998,3.792975,0.5034169897724347,2.56366
30239.995999999985,3.7923,0.5024262187653589,2.56366
30300.0,3.79171,0.5014393484315393,2.56366
30359.99899999998,3.791035,0.5004524780977196,2.56366
30419.99899999998,3.7899399999999996,0.49946170709064386,2.56366
30480.00099999999,3.788675,0.4984709360835681,2.56366
30539.99899999998,3.78758,0.4974801650764922,2.56366
30600.0,3.786825,0.49649329474267256,2.56366
30660.002999999997,3.786145,0.4955025237355967,2.56366
30720.00199999998,3.785475,0.4945078520552647,2.56366
30780.002999999997,3.784545,0.49351708104818887,2.56366
30840.00099999999,3.783365,0.4925302107143693,2.56366
30899.997999999992,3.782185,0.49153943970729347,2.56366
30960.00199999998,3.78151,0.4905486687002177,2.56366
31020.00099999999,3.780755,0.48955789769314184,2.56366
31080.002999999997,3.78008,0.48856712668606606,2.56366
31139.995999999985,3.77907,0.4875841570255026,2.56366
31200.00099999999,3.777805,0.486597286691683,2.56366
31259.997999999992,3.77671,0.48560651568460717,2.56366
31319.995999999985,3.7760350000000003,0.4846157446775314,2.56366
31379.995999999985,3.77536,0.4836288743437117,2.56366
31440.002999999997,3.7746,0.48263810333663587,2.56366
31500.00199999998,3.773505,0.4816473323295601,2.56366
31559.997000000003,3.772325,0.4806604619957405,2.56366
31619.99899999998,3.77123,0.4796696909886647,2.56366
31680.00099999999,3.7704700000000004,0.47868282065484496,2.56366
31740.0,3.7697950000000002,0.4776920496477692,2.56366
31799.99899999998,3.769125,0.47670517931394957,2.56366
31860.002999999997,3.76811,0.4757144083068738,2.56366
31920.0,3.766845,0.47472363729979794,2.56366
31980.005999999994,3.765835,0.4737406676392345,2.56366
32040.00099999999,3.76508,0.47275379730541495,2.56366
32099.99899999998,3.76432,0.4717630262983391,2.56366
32159.99899999998,3.763645,0.47077615596451944,2.56366
32219.995999999985,3.76272,0.4697853849574436,2.56366
32280.00199999998,3.7614549999999998,0.46879851462362404,2.56366
32339.997000000003,3.7603600000000004,0.46781164428980443,2.56366
32399.997000000003,3.7596,0.46682087328272853,2.56366
32460.0,3.75884,0.465834002948909,2.56366
32520.00199999998,3.758085,0.46484713261508936,2.56366
32579.995999999985,3.7572400000000004,0.4638563616080136,2.56366
32639.995999999985,3.7560599999999997,0.46286559060093774,2.56366
32699.997000000003,3.7549599999999996,0.46187872026711807,2.56366
32760.0,3.75412,0.46089184993329846,2.56366
32819.995999999985,3.753365,0.4599010789262227,2.56366
32880.00199999998,3.752605,0.45891420859240306,2.56366
32939.995999999985,3.751675,0.45792343758532716,2.56366
33000.00199999998,3.75041,0.4569326665782514,2.56366
33059.997,3.7496549999999997,0.455949696917688,2.56366
33119.99799999999,3.7488099999999998,0.45496282658386833,2.56366
33180.0,3.74805,0.4539720555767925,2.56366
33240.003,3.74721,0.45298518524297293,2.56366
33300.00199999998,3.746115,0.4519944142358971,2.56366
33359.99799999999,3.7450200000000002,0.4510036432288213,2.56366
33420.00199999998,3.7442599999999997,0.45001287222174546,2.56366
33480.00099999999,3.7434149999999997,0.4490260018879258,2.56366
33539.99899999998,3.742575,0.44803913155410624,2.56366
33600.003,3.74165,0.4470483605470304,2.56366
33660.003,3.74072,0.4460575895399546,2.56366
33720.0,3.739795,0.445070719206135,2.56366
33779.99899999998,3.7388649999999997,0.44407994819905916,2.56366
33840.00199999998,3.73811,0.4430891771919834,2.56366
33899.997,3.73718,0.4421023068581637,2.56366
33960.0,3.736335,0.44111153585108787,2.56366
34020.00199999998,3.73524,0.4401246655172683,2.56366
34080.00699999998,3.7344,0.43913389451019247,2.56366
34139.997,3.733475,0.4381431235031167,2.56366
34199.99799999999,3.732625,0.4371484518227846,2.56366
34259.99899999998,3.731785,0.43616158148896506,2.56366
34319.99899999998,3.730945,0.43517471115514533,2.56366
34379.99899999998,3.730015,0.4341878408213258,2.56366
34439.99799999999,3.72892,0.43319706981424994,2.56366
34500.00099999999,3.7282450000000003,0.43221019948043027,2.56366
34559.99899999998,3.72732,0.4312194284733545,2.56366
34620.00099999999,3.726565,0.43023255813953487,2.56366
34680.0,3.7256349999999996,0.4292417871324591,2.56366
34740.00199999998,3.7247899999999996,0.4282549167986395,2.56366
34800.00199999998,3.7237,0.4272641457915636,2.56366
34859.99799999999,3.72285,0.42627337478448774,2.56366
34919.99899999998,3.722265,0.42528260377741195,2.56366
34980.0,3.721505,0.4242918327703361,2.56366
35040.00099999999,3.720575,0.42330496243651655,2.56366
35099.99799999999,3.7196499999999997,0.4223141914294407,2.56366
35160.00199999998,3.7186399999999997,0.42132732109562115,2.56366
35219.99799999999,3.7176299999999998,0.42033655008854526,2.56366
35280.00099999999,3.716785,0.4193457790814694,2.56366
35340.00199999998,3.716025,0.4183589087476498,2.56366
35399.99799999999,3.715185,0.41737593908708637,2.56366
35459.99899999998,3.714255,0.4163851680800106,2.56366
35519.99899999998,3.71341,0.41539439707293474,2.56366
35580.00099999999,3.7123150000000003,0.4144075267391152,2.56366
35640.00199999998,3.7113899999999997,0.41341675573203934,2.56366
35699.99799999999,3.710715,0.41242598472496356,2.56366
35760.0,3.7101249999999997,0.4114391143911439,2.56366
35820.00199999998,3.70937,0.4104522440573243,2.56366
35879.997,3.70861,0.40946147305024844,2.56366
35939.99799999999,3.70768,0.40847070204317265,2.56366
36000.00199999998,3.70659,0.4074799310360968,2.56366
36060.003999999986,3.705575,0.40649306070227725,2.56366
36120.00099999999,3.7049,0.4055022896952014,2.56366
36180.00199999998,3.70423,0.40451541936138175,2.56366
36240.00099999999,3.70355,0.4035285490275622,2.56366
36300.003999999986,3.7026250000000003,0.40253777802048635,2.56366
36359.997,3.701275,0.4015470070134105,2.56366
36420.005999999994,3.70018,0.40056013667959084,2.56366
36480.005000000005,3.699595,0.39956936567251505,2.56366
36540.003999999986,3.6991699999999996,0.39858249533869544,2.56366
36599.99799999999,3.69875,0.39759172433161966,2.56366
36659.99799999999,3.69782,0.39660485399780004,2.56366
36720.0,3.69664,0.39561408299072415,2.56366
36779.997,3.695545,0.39462331198364836,2.56366
36839.997,3.69487,0.39363644164982875,2.56366
36900.00199999998,3.69428,0.3926456706427529,2.56366
36960.0,3.693775,0.3916548996356771,2.56366
37019.99799999999,3.692935,0.3906641286286013,2.56366
37080.00199999998,3.691925,0.38967725829478167,2.56366
37139.99799999999,3.69083,0.38868648728770583,2.56366
37199.99799999999,3.69015,0.3876918156073738,2.56366
37259.99799999999,3.689565,0.3867049452735542,2.56366
37319.99799999999,3.6890549999999998,0.3857141742664784,2.56366
37380.00199999998,3.688215,0.3847273039326588,2.56366
37439.997,3.6872049999999996,0.38373653292558296,2.56366
37499.997,3.68619,0.38274966259176335,2.56366
37560.0,3.6852650000000002,0.3817627922579437,2.56366
37620.00199999998,3.684755,0.3807759219241241,2.56366
37679.99899999998,3.6842550000000003,0.37978515091704823,2.56366
37739.99899999998,3.68383,0.3787982805832287,2.56366
37800.00099999999,3.68282,0.37780750957615283,2.56366
37860.00199999998,3.68181,0.37681673856907705,2.56366
37920.0,3.680885,0.37582596756200115,2.56366
37979.99799999999,3.680205,0.37483519655492537,2.56366
38040.0,3.6797050000000002,0.3738444255478495,2.56366
38100.00099999999,3.6791099999999997,0.3728575552140299,2.56366
38160.00099999999,3.67852,0.37187068488021036,2.56366
38219.99899999998,3.67751,0.3708838145463907,2.56366
38280.0,3.676415,0.3698930435393149,2.56366
38339.997,3.6757400000000002,0.36890617320549524,2.56366
38400.0,3.6751500000000004,0.36791540219841945,2.56366
38460.00099999999,3.674645,0.3669285318645998,2.56366
38519.995999999985,3.67397,0.365937760857524,2.56366
38580.00099999999,3.673045,0.3649508905237044,2.56366
38639.99799999999,3.672035,0.36396011951662854,2.56366
38700.00099999999,3.6714399999999996,0.3629693485095527,2.56366
38759.997,3.67094,0.36198247817573315,2.56366
38820.0,3.67043,0.3609917071686573,2.56366
38879.99899999998,3.6697550000000003,0.3600048368348377,2.56366
38939.99899999998,3.6687450000000004,0.3590140658277619,2.56366
38999.99799999999,3.667735,0.35802719549394224,2.56366
39059.995999999985,3.66723,0.35703642448686645,2.56366
39119.99799999999,3.666805,0.3560456534797906,2.56366
39180.00099999999,3.6662999999999997,0.35505488247271483,2.56366
39239.997,3.665455,0.35406411146563893,2.56366
39300.00199999998,3.66453,0.35307334045856315,2.56366
39359.99799999999,3.663685,0.35208647012474353,2.56366
39420.00099999999,3.6631,0.3510995997909239,2.56366
39479.997,3.66276,0.35010492811059185,2.56366
39539.995999999985,3.6620049999999997,0.3491180577767723,2.56366
39600.0,3.66133,0.34812728676969645,2.56366
39660.00099999999,3.66057,0.34714041643587684,2.56366
39719.99899999998,3.659895,0.346149645428801,2.56366
39779.99899999998,3.65914,0.3451627750949814,2.56366
39839.99899999998,3.658545,0.3441681034146493,2.56366
39899.99799999999,3.657785,0.34318123308082976,2.56366
39959.995999999985,3.657115,0.3421904620737539,2.56366
40020.00199999998,3.656605,0.3412035917399343,2.56366
40080.003999999986,3.6559350000000004,0.34021282073285847,2.56366
40140.003,3.65526,0.33922595039903886,2.56366
40200.00199999998,3.654585,0.33823517939196307,2.56366
40259.99899999998,3.65383,0.3372483090581434,2.56366
40319.997,3.65315,0.3362575380510676,2.56366
40380.00099999999,3.65265,0.33527066771724795,2.56366
40440.00199999998,3.652055,0.33427989671017216,2.56366
40500.00099999999,3.651465,0.3332891257030963,2.56366
40559.99899999998,3.65088,0.3323022553692767,2.56366
40620.00199999998,3.6502,0.33131148436220087,2.56366
40679.99899999998,3.64961,0.3303246140283813,2.56366
40740.00199999998,3.648855,0.32932994234804924,2.56366
40799.99799999999,3.6482650000000003,0.32833917134097346,2.56366
40859.99799999999,3.64751,0.3273484003338976,2.56366
40919.99899999998,3.6470849999999997,0.32635762932682183,2.56366
40979.997,3.646575,0.32537075899300216,2.56366
41040.00199999998,3.645905,0.3243760873126702,2.56366
41100.00199999998,3.645145,0.32338921697885054,2.56366
41159.99899999998,3.644475,0.3224023466450309,2.56366
41220.0,3.6437150000000003,0.3214115756379551,2.56366
41279.997,3.643375,0.32042470530413547,2.56366
41340.00099999999,3.6429549999999997,0.3194339342970597,2.56366
41399.99899999998,3.6422,0.31844706396324,2.56366
41459.99799999999,3.64152,0.31745629295616423,2.56366
41519.99899999998,3.64085,0.3164694226223446,2.56366
41579.997,3.640175,0.31547865161526883,2.56366
41639.99799999999,3.6398349999999997,0.31448788060819294,2.56366
41700.003,3.6395,0.3135010102743734,2.56366
41760.003999999986,3.63874,0.31251023926729754,2.56366
41819.997,3.6379799999999998,0.3115194682602217,2.56366
41880.0,3.637395,0.3105325979264021,2.56366
41940.00699999998,3.636635,0.3095418269193263,2.56366
42000.0,3.635955,0.30855495658550663,2.56366
42060.00099999999,3.63571,0.30756418557843085,2.56366
42120.00199999998,3.635115,0.306573414571355,2.56366
42179.99899999998,3.6344399999999997,0.3055826435642792,2.56366
42239.997,3.633685,0.3045996739037158,2.56366
42300.0,3.633095,0.30360890289663994,2.56366
42359.99799999999,3.632505,0.30262203256282033,2.56366
42420.00099999999,3.6319150000000002,0.3016312615557445,2.56366
42480.00099999999,3.63166,0.30064439122192493,2.56366
42539.995999999985,3.631155,0.29965752088810527,2.56366
42599.995999999985,3.6303099999999997,0.2986667498810295,2.56366
42660.0,3.62964,0.2976798795472098,2.56366
42719.99799999999,3.628965,0.2966930092133902,2.56366
42780.0,3.62829,0.2957022382063144,2.56366
42840.005000000005,3.627955,0.294719268545751,2.56366
42900.00199999998,3.6277850000000003,0.2937284975386752,2.56366
42959.99799999999,3.62711,0.2927416272048555,2.56366
43020.00099999999,3.62635,0.29175085619777974,2.56366
43079.99799999999,3.6255949999999997,0.29076398586396013,2.56366
43139.99899999998,3.6247499999999997,0.2897732148568843,2.56366
43199.997,3.624245,0.2887902451963209,2.56366
43260.00199999998,3.623995,0.28780337486250124,2.56366
43320.0,3.6236550000000003,0.28681260385542545,2.56366
43380.0,3.6228100000000003,0.2858257335216058,2.56366
43440.0,3.62197,0.28483496251453,2.56366
43500.00199999998,3.62113,0.2838480921807104,2.56366
43559.99799999999,3.62079,0.28285732117363455,2.56366
43619.99799999999,3.620535,0.281870450839815,2.56366
43680.00099999999,3.6201999999999996,0.28087967983273915,2.56366
43740.00199999998,3.6193549999999997,0.2798889088256633,2.56366
43800.0,3.61843,0.2789020384918437,2.56366
43860.00099999999,3.61767,0.2779151681580241,2.56366
43919.995999999985,3.61733,0.27692439715094824,2.56366
43979.997,3.616995,0.27593362614387246,2.56366
44039.997,3.616575,0.2749467558100528,2.56366
44099.995999999985,3.6159,0.2739598854762332,2.56366
44159.99899999998,3.614805,0.27297301514241357,2.56366
44220.00199999998,3.614135,0.2719822441353377,2.56366
44279.995999999985,3.61371,0.27099147312826194,2.56366
44340.00199999998,3.61329,0.2700046027944423,2.56366
44399.995999999985,3.612865,0.2690138317873665,2.56366
44460.00199999998,3.61228,0.2680269614535469,2.56366
44520.0,3.611265,0.2670361904464711,2.56366
44579.99799999999,3.610425,0.2660493201126514,2.56366
44639.99899999998,3.6100000000000003,0.2650624497788318,2.56366
44699.997,3.6095800000000002,0.26407167877175597,2.56366
44760.0,3.60916,0.26308480843793636,2.56366
44819.99799999999,3.6085700000000003,0.2620979381041168,2.56366
44880.00099999999,3.6076449999999998,0.26110716709704096,2.56366
44940.00099999999,3.606715,0.26012029676322135,2.56366
44999.995999999985,3.6061199999999998,0.2591295257561455,2.56366
45060.00199999998,3.605535,0.2581387547490697,2.56366
45119.99899999998,3.6052,0.25715188441525005,2.56366
45180.0,3.604775,0.25616111340817427,2.56366
45239.99799999999,3.603935,0.2551703424010984,2.56366
45300.00099999999,3.602835,0.25417957139402264,2.56366
45360.00199999998,3.601995,0.253192701060203,2.56366
45420.003,3.601575,0.25220583072638336,2.56366
45479.995999999985,3.601065,0.2512150597193075,2.56366
45539.997,3.6005599999999998,0.25022038803897556,2.56366
45600.0,3.59997,0.24923351770515592,2.56366
45660.00099999999,3.5988800000000003,0.24824664737133628,2.56366
45720.0,3.597865,0.24725587636426047,2.56366
45779.99899999998,3.597275,0.24626510535718465,2.56366
45839.99899999998,3.59668,0.24527823502336502,2.56366
45899.99799999999,3.596265,0.2442874640162892,2.56366
45960.00199999998,3.595675,0.2432966930092134,2.56366
46019.995999999985,3.594745,0.24230592200213757,2.56366
46079.997,3.593565,0.24131905166831794,2.56366
46140.00199999998,3.5927249999999997,0.24032828066124212,2.56366
46199.99799999999,3.59222,0.23934141032742248,2.56366
46259.99799999999,3.5917149999999998,0.23835063932034667,2.56366
46320.003,3.59112,0.23735986831327086,2.56366
46380.0,3.590115,0.23637689865270747,2.56366
46439.99799999999,3.589015,0.23538612764563166,2.56366
46500.00199999998,3.58792,0.23439925731181202,2.56366
46559.99799999999,3.5872450000000002,0.23341238697799238,2.56366
46619.99799999999,3.58674,0.23242161597091657,2.56366
46679.99899999998,3.58623,0.23143474563709696,2.56366
46740.00199999998,3.5853900000000003,0.23044397463002111,2.56366
46799.995999999985,3.58438,0.2294532036229453,2.56366
46860.0,3.583285,0.2284624326158695,2.56366
46920.00099999999,3.582275,0.22747166160879367,2.56366
46979.995999999985,3.5816850000000002,0.22648089060171786,2.56366
47039.99799999999,3.581265,0.22549011959464205,2.56366
47099.99399999998,3.5805049999999996,0.22449934858756623,2.56366
47160.00199999998,3.579405,0.2235124782537466,2.56366
47220.0,3.578395,0.22252170724667078,2.56366
47280.00199999998,3.577385,0.22153093623959497,2.56366
47339.995999999985,3.576625,0.22054406590577533,2.56366
47399.995999999985,3.576035,0.2195532948986995,2.56366
47460.0,3.5752800000000002,0.2185625238916237,2.56366
47520.008,3.57435,0.2175756535578041,2.56366
47579.997,3.57342,0.21658488255072825,2.56366
47640.0,3.57241,0.21559801221690864,2.56366
47699.99799999999,3.571485,0.214611141883089,2.56366
47760.00199999998,3.570895,0.21362037087601318,2.56366
47819.995999999985,3.57005,0.2126335005421936,2.56366
47880.003,3.56921,0.21164272953511773,2.56366
47940.00099999999,3.56837,0.21065585920129815,2.56366
48000.0,3.567525,0.20966898886747853,2.56366
48059.99799999999,3.566685,0.2086782178604027,2.56366
48120.00099999999,3.56609,0.20768744685332688,2.56366
48180.0,3.5651599999999997,0.20670057651950727,2.56366
48239.99899999998,3.564235,0.20571370618568763,2.56366
48299.995999999985,3.563395,0.20472683585186804,2.56366
48360.00099999999,3.56264,0.2037399655180484,2.56366
48419.99799999999,3.561795,0.2027491945109726,2.56366
48479.995999999985,3.5612,0.20175842350389678,2.56366
48540.0,3.56036,0.20077155317007714,2.56366
48600.00199999998,3.5595999999999997,0.19978078216300132,2.56366
48659.99899999998,3.5587600000000004,0.1987900111559255,2.56366
48720.00199999998,3.558,0.1978031408221059,2.56366
48780.0,3.55716,0.19681236981503009,2.56366
48840.003,3.5563149999999997,0.19582159880795424,2.56366
48900.00099999999,3.5556400000000004,0.19483472847413463,2.56366
48959.997,3.554715,0.19384395746705882,2.56366
49019.997,3.553955,0.192853186459983,2.56366
49080.00099999999,3.55328,0.19187021679941957,2.56366
49140.003,3.55227,0.19087554511908755,2.56366
49199.997,3.551425,0.18988867478526794,2.56366
49259.995999999985,3.550835,0.1889018044514483,2.56366
49320.0,3.54999,0.1879149341176287,2.56366
49379.995999999985,3.549235,0.18692416311055288,2.56366
49440.00099999999,3.54848,0.18593729277673327,2.56366
49500.0,3.547635,0.18494652176965745,2.56366
49560.0,3.5467899999999997,0.1839596514358378,2.56366
49620.00199999998,3.546115,0.1829727811020182,2.56366
49679.99899999998,3.545275,0.1819820100949424,2.56366
49739.99899999998,3.54443,0.18099513976112275,2.56366
49799.995999999985,3.5436699999999997,0.18000826942730314,2.56366
49860.00199999998,3.542745,0.17901749842022732,2.56366
49919.99899999998,3.54207,0.1780306280864077,2.56366
49980.00099999999,3.5414849999999998,0.1770398570793319,2.56366
50039.997,3.540555,0.17605298674551229,2.56366
50099.99799999999,3.53971,0.17506611641169265,2.56366
50160.003,3.538785,0.17407144473136063,2.56366
50220.00099999999,3.537855,0.17308067372428482,2.56366
50280.0,3.537185,0.1720938033904652,2.56366
50339.994999999995,3.536675,0.17110303238338936,2.56366
50400.00099999999,3.53575,0.17011616204956975,2.56366
50460.00099999999,3.53482,0.1691292917157501,2.56366
50519.99799999999,3.5338950000000002,0.1681385207086743,2.56366
50579.99799999999,3.53288,0.16714774970159849,2.56366
50639.99799999999,3.53221,0.16616087936777887,2.56366
50699.995999999985,3.53179,0.16516620768744683,2.56366
50760.0,3.530775,0.16417543668037102,2.56366
50819.99899999998,3.5297650000000003,0.1631846656732952,2.56366
50880.003,3.5288399999999998,0.1621977953394756,2.56366
50940.00199999998,3.527915,0.16121092500565598,2.56366
51000.00099999999,3.5269,0.16022405467183637,2.56366
51060.0,3.5261449999999996,0.15923328366476056,2.56366
51119.99799999999,3.525215,0.15824641333094092,2.56366
51179.994999999995,3.524375,0.1572556423238651,2.56366
51240.0,3.52353,0.1562648713167893,2.56366
51300.00199999998,3.5225999999999997,0.15527800098296965,2.56366
51360.00199999998,3.5215899999999998,0.15428722997589384,2.56366
51419.995999999985,3.52058,0.15329645896881802,2.56366
51479.997,3.519565,0.15230568796174218,2.56366
51539.995999999985,3.51864,0.15131881762792257,2.56366
51600.00099999999,3.51771,0.15032804662084676,2.56366
51659.997,3.516785,0.14934117628702712,2.56366
51719.99799999999,3.515695,0.1483504052799513,2.56366
51779.99899999998,3.514845,0.1473596342728755,2.56366
51839.99899999998,3.5138350000000003,0.14637276393905588,2.56366
51899.99899999998,3.51274,0.14538199293198006,2.56366
51960.008,3.51181,0.14439512259816045,2.56366
52019.997,3.5107999999999997,0.1434082522643408,2.56366
52079.995999999985,3.5097899999999997,0.1424213819305212,2.56366
52140.0,3.5087,0.1414306109234454,2.56366
52200.00099999999,3.5076,0.14044374058962575,2.56366
52260.003,3.5065049999999998,0.13945296958254993,2.56366
52319.99799999999,3.505405,0.13846609924873032,2.56366
52380.00099999999,3.50448,0.1374753282416545,2.56366
52439.995999999985,3.503385,0.13648455723457867,2.56366
52500.0,3.502295,0.13549768690075908,2.56366
52559.99899999998,3.501195,0.13451081656693945,2.56366
52619.997,3.49993,0.13352004555986363,2.56366
52679.997,3.498915,0.13252927455278782,2.56366
52739.995999999985,3.4977400000000003,0.13154240421896818,2.56366
52799.99799999999,3.49664,0.13055163321189237,2.56366
52859.997,3.49521,0.12956476287807275,2.56366
52919.997,3.4942,0.12857789254425311,2.56366
52979.995999999985,3.49285,0.12759102221043353,2.56366
53039.995999999985,3.4915000000000003,0.12660025120335772,2.56366
53099.99799999999,3.490155,0.12560948019628188,2.56366
53159.997,3.48889,0.12462260986246226,2.56366
53219.997,3.487375,0.12363183885538644,2.56366
53279.997,3.48611,0.12264106784831062,2.56366
53339.99899999998,3.48459,0.12165029684123478,2.56366
53399.995999999985,3.48299,0.12066342650741518,2.56366
53459.99899999998,3.48147,0.11967265550033936,2.56366
53520.0,3.479785,0.11868578516651973,2.56366
53579.99799999999,3.47802,0.11769501415944392,2.56366
53639.997,3.476505,0.1167081438256243,2.56366
53699.995999999985,3.474985,0.11571737281854848,2.56366
53759.995999999985,3.473045,0.11472660181147265,2.56366
53819.99899999998,3.471275,0.11373973147765305,2.56366
53879.995999999985,3.469335,0.11274896047057721,2.56366
53939.997,3.467565,0.1117620901367576,2.56366
54000.003999999986,3.46563,0.11077131912968179,2.56366
54059.99899999998,3.46411,0.10978444879586216,2.56366
54119.997,3.462255,0.10879757846204255,2.56366
54179.995999999985,3.46049,0.10781070812822294,2.56366
54239.99799999999,3.4587149999999998,0.10682383779440331,2.56366
54300.00199999998,3.456945,0.1058330667873275,2.56366
54359.99799999999,3.455005,0.10484229578025167,2.56366
54420.0,3.4533199999999997,0.10385542544643205,2.56366
54480.0,3.45147,0.10286465443935623,2.56366
54539.99799999999,3.449535,0.10187388343228042,2.56366
54599.997,3.4476750000000003,0.10088701309846078,2.56366
54659.99799999999,3.445825,0.09989624209138497,2.56366
54720.00099999999,3.44397,0.09890547108430915,2.56366
54780.003999999986,3.442115,0.09791860075048953,2.56366
54839.99799999999,3.44043,0.09693173041666991,2.56366
54900.00099999999,3.43832,0.0959409594095941,2.56366
54960.00199999998,3.436215,0.09495018840251827,2.56366
55019.995999999985,3.434275,0.09395941739544246,2.56366
55079.997,3.432255,0.09296864638836663,2.56366
55139.99899999998,3.430145,0.09197787538129082,2.56366
55199.99799999999,3.42846,0.0909910050474712,2.56366
55260.003,3.42669,0.09000023404039537,2.56366
55319.997,3.4245,0.08901336370657575,2.56366
55380.0,3.422475,0.08802259269949993,2.56366
55439.99899999998,3.420455,0.08703572236568032,2.56366
55499.99799999999,3.418345,0.0860449513586045,2.56366
55560.0,3.41641,0.08505808102478488,2.56366
55619.997,3.4143850000000002,0.08406731001770905,2.56366
55680.00199999998,3.4121949999999996,0.08308043968388944,2.56366
55739.99799999999,3.4099199999999996,0.08208966867681361,2.56366
55799.995999999985,3.4078150000000003,0.0810988976697378,2.56366
55859.997,3.405535,0.08011202733591818,2.56366
55919.99799999999,3.4035149999999996,0.07912125632884236,2.56366
55980.0,3.401325,0.07813048532176654,2.56366
56039.997,3.3989599999999998,0.07714361498794692,2.56366
56100.0,3.39669,0.0761567446541273,2.56366
56159.997,3.39458,0.07516597364705148,2.56366
56220.00199999998,3.39239,0.07417520263997565,2.56366
56280.005000000005,3.39011,0.07318833230615604,2.56366
56340.005999999994,3.387415,0.07219756129908023,2.56366
56399.995999999985,3.385055,0.0712067902920044,2.56366
56459.99899999998,3.38278,0.07021601928492859,2.56366
56520.00199999998,3.380675,0.06922524827785276,2.56366
56579.99899999998,3.37857,0.06823447727077693,2.56366
56639.99799999999,3.376295,0.0672437062637011,2.56366
56699.995999999985,3.37326,0.0662568359298815,2.56366
56759.997,3.3705600000000002,0.06526996559606188,2.56366
56819.995999999985,3.368285,0.06428309526224227,2.56366
56879.995999999985,3.36618,0.06329232425516644,2.56366
56939.995999999985,3.36407,0.06230545392134683,2.56366
57000.0,3.36188,0.06131858358752721,2.56366
57060.0,3.35876,0.0603356139269638,2.56366
57120.003,3.3559,0.05934484291988797,2.56366
57179.99899999998,3.35337,0.058357972586068355,2.56366
57240.00199999998,3.351175,0.057367201578992534,2.56366
57300.003999999986,3.349155,0.056380331245172915,2.56366
57360.003999999986,3.34696,0.05538956023809709,2.56366
57420.0,3.34443,0.054398789231021275,2.56366
57479.995999999985,3.3414,0.053411918897201656,2.56366
57540.003,3.33887,0.052421147890125835,2.56366
57599.99799999999,3.3366,0.05143427755630622,2.56366
57660.00199999998,3.33432,0.05044350654923039,2.56366
57720.0,3.3321300000000003,0.049456636215410785,2.56366
57780.00099999999,3.3299399999999997,0.04846586520833496,2.56366
57840.00099999999,3.327075,0.04747509420125914,2.56366
57900.00099999999,3.32429,0.04648822386743952,2.56366
57959.99399999998,3.321675,0.0454974528603637,2.56366
58020.0,3.319235,0.04450668185328788,2.56366
58080.00099999999,3.31679,0.04351591084621206,2.56366
58139.99799999999,3.314515,0.04252904051239244,2.56366
58199.99799999999,3.311985,0.04153826950531662,2.56366
58260.00099999999,3.308955,0.040551399171497,2.56366
58320.0,3.30617,0.03956452883767739,2.56366
58379.99899999998,3.30364,0.03857375783060156,2.56366
58439.997,3.301365,0.03759078817003815,2.56366
58500.003,3.299175,0.03660001716296232,2.56366
58560.00199999998,3.296645,0.0356092461558865,2.56366
58619.997,3.2929399999999998,0.03462237582206689,2.56366
58680.0,3.2898199999999997,0.03363160481499107,2.56366
58740.00099999999,3.28712,0.03264473448117145,2.56366
58799.99899999998,3.2845950000000004,0.03165396347409563,2.56366
58859.995999999985,3.2821499999999997,0.03066709314027601,2.56366
58919.99899999998,3.279115,0.02967632213320019,2.56366
58979.99799999999,3.274985,0.028685551126124368,2.56366
59040.00099999999,3.271195,0.027694780119048544,2.56366
59100.0,3.26799,0.026704009111972724,2.56366
59160.0,3.26513,0.02571713877815311,2.56366
59220.00199999998,3.262175,0.024726367771077288,2.56366
59279.99899999998,3.25872,0.02373949743725767,2.56366
59339.995999999985,3.254085,0.02274872643018185,2.56366
59399.99799999999,3.249535,0.02176185609636223,2.56366
59460.0,3.24549,0.02077108508928641,2.56366
59520.0,3.24178,0.01978031408221059,2.56366
59579.997,3.238155,0.01879344374839097,2.56366
59640.0,3.234365,0.01780267274131515,2.56366
59699.99799999999,3.22973,0.016815802407495535,2.56366
59759.994999999995,3.224,0.015825031400419715,2.56366
59819.99899999998,3.2190250000000002,0.014838161066600094,2.56366
59879.99899999998,3.214475,0.013847390059524272,2.56366
59939.995999999985,3.2100049999999998,0.012856619052448453,2.56366
59999.99899999998,3.2053700000000003,0.011869748718628835,2.56366
60059.99899999998,3.19922,0.010878977711553014,2.56366
60119.99899999998,3.1919750000000002,0.009892107377733397,2.56366
60179.997,3.18506,0.008901336370657575,2.56366
60239.997,3.1789899999999998,0.007914466036837958,2.56366
60299.99799999999,3.172925,0.006919794356505932,2.56366
60359.997,3.1666,0.005929023349430112,2.56366
60419.99899999998,3.157335,0.00493825234235429,2.56366
60480.00099999999,3.14705,0.003947481335278469,2.56366
60539.99899999998,3.137105,0.002960611001458852,2.56366
60599.997,3.1285100000000003,0.0019698399943830305,2.56366
60659.997,3.1275,0.0009868703338196173,2.56366
